idx	label	predict	radius	correct	time
0	0	37	0.3751187560301591	0	0:00:30.139335
