idx	label	predict	radius	correct	time
0	3	-1	0.0	0	0:02:16.162437
1	8	0	0.6874168892291687	0	0:02:15.928061
2	8	2	0.6616304920975951	0	0:02:15.342595
3	0	2	0.3357132021631521	0	0:02:15.632945
4	6	-1	0.0	0	0:02:14.277181
