idx	label	predict	radius	correct	time
0	0	-1	0.0	0	0:00:52.660344
1	0	0	0.7502375120603182	1	0:00:38.774258
2	0	0	0.2803615394615304	1	0:01:17.275107
